1635652800000,0.00858100,0.00867700,0.00857500,0.00865500,13667.21000000,1635654599999,117.82486062,8323,8471.59800000,73.04856459,0
1635654600000,0.00865500,0.00870000,0.00864900,0.00869900,4430.51100000,1635656399999,38.44942277,3348,2508.75500000,21.77561966,0
1635656400000,0.00870000,0.00871100,0.00862300,0.00862700,5448.88500000,1635658199999,47.24077594,4520,2635.31900000,22.83727610,0
1635658200000,0.00862700,0.00865300,0.00860800,0.00865300,1777.76900000,1635659999999,15.33902995,2288,958.40000000,8.27005746,0
1635660000000,0.00865300,0.00866800,0.00859000,0.00859000,2141.35000000,1635661799999,18.46035914,2490,1114.51300000,9.60623909,0
1635661800000,0.00859100,0.00861000,0.00857700,0.00861000,4779.37200000,1635663599999,41.05848672,2486,3542.61100000,30.43134971,0
1635663600000,0.00861000,0.00863300,0.00859700,0.00863000,3761.51000000,1635665399999,32.39803428,2329,2868.25100000,24.70395880,0
1635665400000,0.00863100,0.00864700,0.00862500,0.00864700,2107.10500000,1635667199999,18.19705521,1689,1209.57100000,10.44654918,0
1635667200000,0.00864800,0.00866300,0.00862600,0.00865000,2598.80500000,1635668999999,22.47749286,2423,1346.59700000,11.64780881,0
1635669000000,0.00865000,0.00865100,0.00861200,0.00862900,7823.47000000,1635670799999,67.47022917,3620,5925.10500000,51.09750063,0
1635670800000,0.00862900,0.00863000,0.00859000,0.00861500,4925.26700000,1635672599999,42.42019825,2585,2601.90500000,22.40970818,0
1635672600000,0.00861500,0.00864600,0.00860600,0.00861800,1969.86000000,1635674399999,16.99286071,1807,1020.12700000,8.80193957,0
1635674400000,0.00861800,0.00862200,0.00854500,0.00857900,4230.04100000,1635676199999,36.28802210,3486,2051.55100000,17.59993795,0
1635676200000,0.00857900,0.00860800,0.00857400,0.00858900,2096.91600000,1635677999999,18.01498663,1933,1106.64000000,9.50913921,0
1635678000000,0.00859000,0.00861400,0.00857300,0.00858800,1891.98000000,1635679799999,16.25910001,1890,999.46100000,8.59060852,0
1635679800000,0.00858900,0.00860400,0.00856400,0.00856900,1799.87400000,1635681599999,15.44899367,1851,848.55500000,7.28506601,0
1635681600000,0.00856800,0.00858900,0.00853600,0.00858000,2959.30300000,1635683399999,25.33522289,2310,1876.13500000,16.06013435,0
1635683400000,0.00858000,0.00860500,0.00856300,0.00856600,3566.11300000,1635685199999,30.58054239,2229,1995.68200000,17.11081599,0
1635685200000,0.00856700,0.00859400,0.00853600,0.00855400,3315.86200000,1635686999999,28.39508644,2654,1873.20600000,16.03838680,0
1635687000000,0.00855300,0.00855600,0.00848500,0.00852200,5132.13700000,1635688799999,43.70305809,4633,2378.11100000,20.25178325,0
1635688800000,0.00852100,0.00852100,0.00844600,0.00845800,6236.03300000,1635690599999,52.88868281,4160,2534.05200000,21.50048884,0
1635690600000,0.00845800,0.00850300,0.00845300,0.00849500,2571.74100000,1635692399999,21.81856014,2966,1619.29400000,13.73675346,0
1635692400000,0.00849700,0.00850000,0.00846800,0.00849600,2562.21900000,1635694199999,21.74019452,3102,1189.40300000,10.09208077,0
1635694200000,0.00849500,0.00849800,0.00846400,0.00847600,3042.76600000,1635695999999,25.80985437,3109,1731.63100000,14.68999923,0
1635696000000,0.00847500,0.00851000,0.00847000,0.00849600,2719.29400000,1635697799999,23.08416872,2718,1517.94700000,12.88578958,0
1635697800000,0.00849500,0.00853200,0.00847700,0.00851400,2726.34600000,1635699599999,23.18819117,2420,1473.70900000,12.53593560,0
1635699600000,0.00851200,0.00851700,0.00848900,0.00849900,2723.97400000,1635701399999,23.16400087,2192,1590.31400000,13.52467871,0
1635701400000,0.00849700,0.00852700,0.00849700,0.00851300,1960.94100000,1635703199999,16.69053235,1829,1102.71500000,9.38607493,0
1635703200000,0.00851400,0.00853700,0.00850000,0.00851900,2140.61400000,1635704999999,18.23251034,1947,1217.29900000,10.36897714,0
1635705000000,0.00852000,0.00852700,0.00849600,0.00850700,2291.45100000,1635706799999,19.50549320,1856,1445.65300000,12.30850061,0
1635706800000,0.00850800,0.00853300,0.00847800,0.00853000,2985.85900000,1635708599999,25.41606359,1987,1419.04500000,12.08422128,0
1635708600000,0.00852900,0.00853700,0.00852000,0.00853700,1602.71200000,1635710399999,13.66828443,1637,1021.26600000,8.70992462,0
1635710400000,0.00853600,0.00853800,0.00852000,0.00853300,2165.88000000,1635712199999,18.47175286,1696,1094.72200000,9.33630245,0
1635712200000,0.00853400,0.00854100,0.00852600,0.00854000,1980.09900000,1635713999999,16.90405809,1672,1224.95100000,10.45857121,0
1635714000000,0.00854000,0.00855100,0.00850800,0.00851100,2879.22600000,1635715799999,24.58165608,2172,1791.62400000,15.29857805,0
1635715800000,0.00851100,0.00853800,0.00849800,0.00852600,1578.33100000,1635717599999,13.44250048,1977,754.82400000,6.42971592,0
1635717600000,0.00852400,0.00854200,0.00851200,0.00854000,2522.49400000,1635719399999,21.51228065,2114,1514.61200000,12.91368743,0
1635719400000,0.00854000,0.00856100,0.00853000,0.00855900,1490.24400000,1635721199999,12.74278907,1766,994.69000000,8.50583209,0
1635721200000,0.00855700,0.00856100,0.00852400,0.00854800,1807.95400000,1635722999999,15.44904797,1653,851.95600000,7.28083943,0
1635723000000,0.00854800,0.00856500,0.00853600,0.00856100,2670.67800000,1635724799999,22.85059027,1705,1279.88100000,10.95058213,0
1635724800000,0.00856100,0.00859000,0.00855000,0.00858000,4607.41900000,1635726599999,39.50730077,3197,2257.09000000,19.35916912,0
1635726600000,0.00858300,0.00861500,0.00858100,0.00858300,6409.74500000,1635728399999,55.11563372,3437,2634.59000000,22.65245811,0
1635728400000,0.00858300,0.00858500,0.00856600,0.00858000,3879.77700000,1635730199999,33.26644335,2908,1121.40100000,9.61592221,0
1635730200000,0.00857900,0.00860000,0.00857000,0.00857100,1901.37300000,1635731999999,16.32423059,2267,989.68100000,8.49779050,0
1635732000000,0.00857100,0.00864400,0.00856900,0.00860500,5259.96100000,1635733799999,45.25650625,4711,3107.52900000,26.73677268,0
1635733800000,0.00860200,0.00860300,0.00856600,0.00857900,2652.89900000,1635735599999,22.76620734,3307,1198.50100000,10.28600164,0
1635735600000,0.00858000,0.00860400,0.00856900,0.00859000,3480.16100000,1635737399999,29.87114732,2546,2165.19700000,18.58419527,0
1635737400000,0.00859000,0.00860600,0.00856100,0.00858000,1997.37400000,1635739199999,17.14946888,2297,1119.53200000,9.61362855,0
1635739200000,0.00858200,0.00860200,0.00855700,0.00858400,2912.04100000,1635740999999,24.98226792,2098,1350.20200000,11.58606714,0
1635741000000,0.00858500,0.00858900,0.00855000,0.00855000,1947.82700000,1635742799999,16.67825050,1806,994.20600000,8.51203008,0
1635742800000,0.00855100,0.00855300,0.00852000,0.00854700,2073.77300000,1635744599999,17.70199125,2143,1041.74400000,8.89396735,0
1635744600000,0.00855000,0.00856500,0.00852500,0.00853100,2163.56800000,1635746399999,18.49767401,1725,1021.59100000,8.73385189,0
1635746400000,0.00853100,0.00855800,0.00852500,0.00854100,4344.84600000,1635748199999,37.08528973,2115,3269.13800000,27.90005887,0
1635748200000,0.00854200,0.00854900,0.00851900,0.00854400,1854.76500000,1635749999999,15.83340446,1689,912.53800000,7.79168326,0
1635750000000,0.00854200,0.00854200,0.00844600,0.00845800,5103.64300000,1635751799999,43.30517446,4914,2149.56200000,18.24004494,0
1635751800000,0.00845800,0.00850000,0.00843900,0.00847900,5384.51400000,1635753599999,45.64663087,3843,2039.13300000,17.28665206,0
1635753600000,0.00847900,0.00852200,0.00846400,0.00852200,4490.05800000,1635755399999,38.12871372,3732,2826.98400000,23.99920413,0
1635755400000,0.00852300,0.00854800,0.00851500,0.00853200,3471.78800000,1635757199999,29.61899107,3079,1772.39800000,15.12157439,0
1635757200000,0.00853300,0.00857400,0.00852700,0.00854700,3449.20100000,1635758999999,29.49030706,3165,1797.84400000,15.37160041,0
1635759000000,0.00854600,0.00862100,0.00854600,0.00862100,6405.22100000,1635760799999,55.04578317,3945,2860.27000000,24.58362685,0
1635760800000,0.00862000,0.00869700,0.00861000,0.00867900,9782.21600000,1635762599999,84.84736780,6816,4359.95000000,37.80192156,0
1635762600000,0.00867800,0.00870500,0.00861900,0.00862300,4292.74600000,1635764399999,37.20189924,3678,2452.09600000,21.25758917,0
1635764400000,0.00862200,0.00867000,0.00861400,0.00865600,3235.96300000,1635766199999,27.96917984,2893,1828.41700000,15.80971385,0
1635766200000,0.00865600,0.00866300,0.00859000,0.00860300,3946.76900000,1635767999999,34.07448072,3406,1935.87100000,16.71586751,0
1635768000000,0.00860300,0.00863600,0.00858800,0.00858800,4069.34200000,1635769799999,35.04094382,2871,2006.10400000,17.27552176,0
1635769800000,0.00858800,0.00860600,0.00856300,0.00859700,3530.52200000,1635771599999,30.30940870,2902,1929.34400000,16.56337003,0
1635771600000,0.00859700,0.00861600,0.00858200,0.00861000,3293.45700000,1635773399999,28.33715543,2094,1488.61400000,12.80723794,0
1635773400000,0.00860900,0.00866900,0.00860500,0.00866000,5271.25900000,1635775199999,45.54363905,3158,2511.76600000,21.69272779,0
1635775200000,0.00866100,0.00869300,0.00864500,0.00869200,4363.99600000,1635776999999,37.79788810,2870,2810.03100000,24.33814251,0
1635777000000,0.00869200,0.00869700,0.00865100,0.00866400,2400.62000000,1635778799999,20.81349737,2086,1120.09900000,9.71127457,0
1635778800000,0.00866500,0.00870000,0.00864200,0.00870000,2212.32500000,1635780599999,19.17867294,2296,1337.73000000,11.59984135,0
1635780600000,0.00870000,0.00875200,0.00869400,0.00874200,6249.80800000,1635782399999,54.54780155,5720,3377.20000000,29.47578906,0
1635782400000,0.00874300,0.00878400,0.00868300,0.00876700,7055.04300000,1635784199999,61.67170693,5539,3215.62000000,28.11796649,0
1635784200000,0.00876600,0.00887600,0.00876600,0.00882200,9739.74100000,1635785999999,85.91035729,10689,5614.07900000,49.52097423,0
1635786000000,0.00882200,0.00884900,0.00881200,0.00883100,4492.53800000,1635787799999,39.67092099,2752,1673.96100000,14.78258463,0
1635787800000,0.00883000,0.00885500,0.00881200,0.00884400,5118.48300000,1635789599999,45.22900888,2623,3165.85300000,27.97416057,0
1635789600000,0.00884400,0.00884900,0.00880400,0.00884900,5677.20200000,1635791399999,50.09069561,3108,3143.37800000,27.73645547,0
1635791400000,0.00884700,0.00890000,0.00883000,0.00888400,6027.03400000,1635793199999,53.40789074,4863,3614.85400000,32.04491740,0
1635793200000,0.00888400,0.00889800,0.00882900,0.00887300,5569.35200000,1635794999999,49.34864489,3071,2370.40600000,20.99666668,0
1635795000000,0.00887300,0.00895800,0.00887100,0.00889900,7995.57700000,1635796799999,71.30373454,6719,4369.55400000,38.97124313,0
1635796800000,0.00889900,0.00893400,0.00889500,0.00892900,2927.83300000,1635798599999,26.10586922,2174,1420.98600000,12.67197372,0
1635798600000,0.00893000,0.00895400,0.00889900,0.00893500,5354.19000000,1635800399999,47.78198752,3339,3216.37100000,28.69256414,0
1635800400000,0.00893500,0.00897900,0.00892900,0.00897900,4534.95900000,1635802199999,40.60585854,3565,2662.98500000,23.84249403,0
1635802200000,0.00897900,0.00901000,0.00897400,0.00899700,6434.15700000,1635803999999,57.86787237,4531,3653.52400000,32.85197519,0
1635804000000,0.00899700,0.00900300,0.00889900,0.00893100,5409.70300000,1635805799999,48.45159656,4012,2160.42500000,19.36469907,0
1635805800000,0.00893100,0.00894700,0.00890400,0.00891000,3015.38600000,1635807599999,26.90172347,2259,1675.04800000,14.94323164,0
1635807600000,0.00891000,0.00900100,0.00890700,0.00898800,4165.36100000,1635809399999,37.35143283,2885,2018.59400000,18.09717223,0
1635809400000,0.00898900,0.00905300,0.00898800,0.00905000,5351.40800000,1635811199999,48.24267142,4129,3106.04300000,28.00101641,0
1635811200000,0.00905100,0.00905100,0.00892500,0.00893200,4429.92500000,1635812999999,39.79850373,3947,2099.04400000,18.85407670,0
1635813000000,0.00893300,0.00898200,0.00891900,0.00893900,4523.05800000,1635814799999,40.46583146,3253,2006.21800000,17.94894023,0
1635814800000,0.00893500,0.00898500,0.00892800,0.00896700,4540.93000000,1635816599999,40.68205830,3095,2697.63100000,24.16296903,0
1635816600000,0.00896800,0.00898000,0.00890700,0.00891200,3072.65000000,1635818399999,27.45049540,2752,1691.45500000,15.11138851,0
1635818400000,0.00891000,0.00894500,0.00890600,0.00894200,3468.45000000,1635820199999,30.95931001,2879,1666.05800000,14.87317849,0
1635820200000,0.00894100,0.00899800,0.00893300,0.00897000,4405.45100000,1635821999999,39.51875476,3071,2086.60300000,18.71586160,0
1635822000000,0.00897000,0.00900300,0.00896300,0.00899800,2783.15500000,1635823799999,25.01447126,2129,1499.73200000,13.47967156,0
1635823800000,0.00900300,0.00901500,0.00899500,0.00900000,2948.64000000,1635825599999,26.55336954,2171,1359.24900000,12.24123634,0
1635825600000,0.00900000,0.00900000,0.00890100,0.00890400,4438.20800000,1635827399999,39.71243065,3182,1234.53100000,11.05039657,0
1635827400000,0.00890700,0.00891000,0.00885600,0.00887500,3313.08700000,1635829199999,29.43120007,3240,1380.42300000,12.26477131,0
1635829200000,0.00887500,0.00888400,0.00882100,0.00884000,4799.75600000,1635830999999,42.46072329,3011,3060.18300000,27.07003016,0
1635831000000,0.00883900,0.00884800,0.00879500,0.00880300,4672.07100000,1635832799999,41.23437245,3046,1644.17200000,14.50910992,0
1635832800000,0.00880400,0.00882000,0.00879100,0.00881700,3470.22600000,1635834599999,30.55086962,2208,2256.68500000,19.86400328,0
1635834600000,0.00881700,0.00882100,0.00876900,0.00877600,2631.60700000,1635836399999,23.15427404,2323,1112.17300000,9.78633035,0
1635836400000,0.00877500,0.00878100,0.00875200,0.00877600,4511.29300000,1635838199999,39.54999538,2700,2708.11300000,23.74253155,0
1635838200000,0.00877600,0.00881300,0.00876700,0.00879500,5034.18200000,1635839999999,44.27094450,2753,1733.15600000,15.23805713,0
1635840000000,0.00879600,0.00879600,0.00873800,0.00877700,5562.19200000,1635841799999,48.75239605,3522,2544.81900000,22.30673020,0
1635841800000,0.00877900,0.00880200,0.00875900,0.00880100,2300.09800000,1635843599999,20.19519094,2218,1196.25600000,10.50556679,0
1635843600000,0.00880000,0.00880500,0.00877600,0.00879200,2558.43300000,1635845399999,22.48435594,1815,1285.25400000,11.29623257,0
1635845400000,0.00879200,0.00879200,0.00864000,0.00865000,10055.15300000,1635847199999,87.41356050,6974,5462.01200000,47.45815764,0
1635847200000,0.00865000,0.00865700,0.00858500,0.00862100,10600.05300000,1635848999999,91.39884927,6606,6630.59300000,57.16599248,0
1635849000000,0.00862100,0.00865500,0.00860800,0.00862400,3213.41100000,1635850799999,27.75171635,3629,1540.56600000,13.30649639,0
1635850800000,0.00862500,0.00864100,0.00860100,0.00862300,3963.94200000,1635852599999,34.16073908,3468,1732.50600000,14.93348955,0
1635852600000,0.00862400,0.00865200,0.00860000,0.00864900,4070.93500000,1635854399999,35.11820404,3511,2065.72900000,17.82586953,0
1635854400000,0.00864800,0.00866100,0.00862700,0.00865800,4658.42600000,1635856199999,40.27911090,2950,2375.26600000,20.53894977,0
1635856200000,0.00865800,0.00870300,0.00865100,0.00869700,4136.31400000,1635857999999,35.91705082,3974,2188.52100000,19.00630507,0
1635858000000,0.00869600,0.00871400,0.00868100,0.00870900,4486.58800000,1635859799999,39.01542941,3149,1994.91800000,17.34967857,0
1635859800000,0.00870800,0.00871400,0.00867500,0.00869100,3568.52400000,1635861599999,31.04316907,3176,1730.51700000,15.05561620,0
1635861600000,0.00869000,0.00884900,0.00862600,0.00881700,9703.29000000,1635863399999,84.91118976,8910,4905.04400000,42.97210371,0
1635863400000,0.00881700,0.00883400,0.00876100,0.00878500,9334.27800000,1635865199999,82.06217683,4702,5295.46100000,46.56223352,0
1635865200000,0.00878400,0.00882000,0.00878100,0.00881900,3996.89200000,1635866999999,35.18564219,2833,1921.91100000,16.91724929,0
1635867000000,0.00881800,0.00882500,0.00872600,0.00875500,5791.64400000,1635868799999,50.78051382,4527,2585.27700000,22.66447726,0
1635868800000,0.00875500,0.00878000,0.00873200,0.00878000,5449.82800000,1635870599999,47.70059336,3435,2754.40900000,24.10877879,0
1635870600000,0.00877900,0.00883000,0.00876900,0.00880800,6537.42000000,1635872399999,57.56807537,4508,3261.31200000,28.71912927,0
1635872400000,0.00880700,0.00881800,0.00879400,0.00881200,3182.19900000,1635874199999,28.02823585,2564,1604.80100000,14.13542128,0
1635874200000,0.00881000,0.00882300,0.00879500,0.00882000,3030.54900000,1635875999999,26.70328254,2418,1449.47600000,12.77230954,0
1635876000000,0.00881900,0.00884300,0.00881400,0.00883600,3855.67200000,1635877799999,34.05045954,2658,1684.59600000,14.87956798,0
1635877800000,0.00883600,0.00888000,0.00882700,0.00885500,7825.67000000,1635879599999,69.34921312,4063,2869.24400000,25.41535682,0
1635879600000,0.00885500,0.00888400,0.00883800,0.00885300,5208.14700000,1635881399999,46.14686360,3216,2547.57100000,22.57339077,0
1635881400000,0.00885300,0.00888200,0.00882800,0.00884900,4168.40000000,1635883199999,36.95416833,2849,1755.76500000,15.56102589,0
1635883200000,0.00884900,0.00889100,0.00884900,0.00886900,3181.84400000,1635884999999,28.22834904,2691,1371.83200000,12.17208521,0
1635885000000,0.00886800,0.00887300,0.00884300,0.00885200,3634.15400000,1635886799999,32.20458749,2621,1824.27600000,16.16627425,0
1635886800000,0.00884900,0.00885500,0.00882200,0.00885300,2941.59600000,1635888599999,26.00908990,2745,1404.17000000,12.41707967,0
1635888600000,0.00885400,0.00886600,0.00883800,0.00885500,2195.27100000,1635890399999,19.42761903,2314,1249.83900000,11.06197663,0
1635890400000,0.00885500,0.00887700,0.00884000,0.00885500,2781.32400000,1635892199999,24.65096272,2495,1190.41400000,10.55234481,0
1635892200000,0.00885300,0.00887200,0.00884000,0.00884700,2250.76800000,1635893999999,19.92733274,2278,1012.15000000,8.96323732,0
1635894000000,0.00884600,0.00884900,0.00881300,0.00882600,3244.62900000,1635895799999,28.65987051,2522,1133.37200000,10.01196697,0
1635895800000,0.00882700,0.00883300,0.00876500,0.00876800,3340.50200000,1635897599999,29.37714313,3280,1371.75400000,12.07051856,0
1635897600000,0.00876900,0.00877000,0.00869500,0.00871200,4472.18100000,1635899399999,39.07482212,4656,1441.20500000,12.59569888,0
1635899400000,0.00871100,0.00873200,0.00868500,0.00869200,3169.90300000,1635901199999,27.62337947,3021,1425.14700000,12.42049962,0
1635901200000,0.00869000,0.00874600,0.00868800,0.00872600,6855.00400000,1635902999999,59.80096992,3593,3689.45300000,32.16498654,0
1635903000000,0.00872600,0.00878200,0.00871400,0.00876300,4191.23500000,1635904799999,36.69953760,3318,2413.04500000,21.12792443,0
1635904800000,0.00876500,0.00881000,0.00874600,0.00877700,6434.45200000,1635906599999,56.45300497,3687,3631.98900000,31.88168208,0
1635906600000,0.00877800,0.00879000,0.00876600,0.00879000,2304.49900000,1635908399999,20.23251962,2729,1114.17300000,9.78413658,0
1635908400000,0.00879100,0.00879500,0.00875800,0.00876400,2509.18700000,1635910199999,22.02374974,2803,1321.23900000,11.59790818,0
1635910200000,0.00876300,0.00878400,0.00872200,0.00873600,4532.55600000,1635911999999,39.64513402,3380,2700.39600000,23.60438771,0
1635912000000,0.00873600,0.00874900,0.00868400,0.00869900,2901.59100000,1635913799999,25.28855086,3270,1380.46700000,12.03032384,0
1635913800000,0.00869700,0.00871000,0.00867800,0.00868500,5847.20000000,1635915599999,50.83209912,3617,3276.85700000,28.48634062,0
1635915600000,0.00868600,0.00872800,0.00867500,0.00872400,2377.81200000,1635917399999,20.70274877,3062,1190.25600000,10.36487947,0
1635917400000,0.00872500,0.00873200,0.00869200,0.00870600,2045.03000000,1635919199999,17.81391471,2438,1077.45000000,9.38602577,0
1635919200000,0.00870600,0.00874500,0.00870300,0.00873800,2670.89900000,1635920999999,23.29940699,3005,1325.24100000,11.56139415,0
1635921000000,0.00873800,0.00876500,0.00873700,0.00875500,2286.61600000,1635922799999,20.02402414,3572,1336.33400000,11.70275274,0
1635922800000,0.00875500,0.00876900,0.00874900,0.00876400,4475.90800000,1635924599999,39.21271343,2751,1752.11400000,15.35061420,0
1635924600000,0.00876400,0.00877900,0.00872800,0.00874500,3358.35000000,1635926399999,29.42286160,3204,1197.60000000,10.49512353,0
1635926400000,0.00874600,0.00879300,0.00873500,0.00876700,2846.09400000,1635928199999,24.94411619,2981,1585.69600000,13.89976927,0
1635928200000,0.00876800,0.00877700,0.00874100,0.00876700,2441.80800000,1635929999999,21.39237651,2824,1114.23500000,9.76229976,0
1635930000000,0.00876600,0.00878600,0.00875100,0.00876400,3231.39000000,1635931799999,28.33201609,2594,1706.31000000,14.95654830,0
1635931800000,0.00876500,0.00877900,0.00874800,0.00875600,2382.73900000,1635933599999,20.88599969,2483,1216.63900000,10.66452507,0
1635933600000,0.00875700,0.00878300,0.00873900,0.00878200,3154.24900000,1635935399999,27.63941036,2887,1490.35600000,13.05886426,0
1635935400000,0.00878200,0.00879800,0.00873600,0.00873900,3448.85800000,1635937199999,30.24352596,2936,1411.30800000,12.37569780,0
1635937200000,0.00874000,0.00874500,0.00870700,0.00873900,2652.32100000,1635938999999,23.15349614,2806,1103.69300000,9.63499791,0
1635939000000,0.00873900,0.00876100,0.00873400,0.00875000,2981.58100000,1635940799999,26.08386167,2242,1520.28300000,13.30163189,0
1635940800000,0.00875100,0.00875600,0.00869500,0.00870100,4241.22000000,1635942599999,37.04565223,3187,2080.60800000,18.17810369,0
1635942600000,0.00870500,0.00873100,0.00865800,0.00869800,5962.49600000,1635944399999,51.85694462,4626,2709.67700000,23.57097529,0
1635944400000,0.00869800,0.00874000,0.00868300,0.00871300,2844.36100000,1635946199999,24.79643229,2532,1463.10800000,12.75651521,0
1635946200000,0.00871300,0.00875900,0.00868000,0.00874600,5296.40300000,1635947999999,46.14923177,3703,2651.27500000,23.10388331,0
1635948000000,0.00874400,0.00877600,0.00872200,0.00877200,3724.26400000,1635949799999,32.59429993,2828,1959.61100000,17.15211088,0
1635949800000,0.00877200,0.00881200,0.00876500,0.00878800,4184.54000000,1635951599999,36.77078548,2920,1983.83800000,17.43037298,0
1635951600000,0.00878900,0.00885000,0.00878200,0.00884700,4127.51800000,1635953399999,36.38326558,3441,2356.25200000,20.76529499,0
1635953400000,0.00884700,0.00885900,0.00882400,0.00883700,4748.02400000,1635955199999,41.98036116,3475,3159.99200000,27.94059405,0
1635955200000,0.00883900,0.00884600,0.00881400,0.00881800,3013.89300000,1635956999999,26.61710892,2184,1357.29200000,11.98744116,0
1635957000000,0.00881500,0.00883100,0.00880500,0.00882800,3567.53700000,1635958799999,31.47792496,2112,1416.00800000,12.49171201,0
1635958800000,0.00882700,0.00886100,0.00882600,0.00885000,2838.80400000,1635960599999,25.11409601,2416,1684.35500000,14.89890319,0
1635960600000,0.00885000,0.00887400,0.00884800,0.00887300,2891.38300000,1635962399999,25.62202454,2179,1264.56200000,11.20527553,0
1635962400000,0.00887000,0.00911800,0.00887000,0.00895700,18205.13700000,1635964199999,163.31277600,21014,12143.31300000,108.98850097,0
1635964200000,0.00895700,0.00899400,0.00887300,0.00890800,7238.11900000,1635965999999,64.60857335,5101,3320.71400000,29.65418223,0
1635966000000,0.00890800,0.00891600,0.00886000,0.00891400,5472.19200000,1635967799999,48.64258514,3440,2365.86500000,21.03949951,0
1635967800000,0.00891100,0.00893700,0.00891100,0.00893500,2522.33900000,1635969599999,22.51363739,2201,1335.91300000,11.92426786,0
1635969600000,0.00893500,0.00895900,0.00891900,0.00895400,3283.12100000,1635971399999,29.36881975,3201,1666.90300000,14.91408234,0
1635971400000,0.00895700,0.00904500,0.00895300,0.00902800,7984.11800000,1635973199999,71.86023856,5672,4160.70400000,37.45058647,0
1635973200000,0.00902800,0.00907000,0.00902800,0.00904800,7530.38800000,1635974999999,68.15737409,4786,2065.19800000,18.69298128,0
1635975000000,0.00904800,0.00904800,0.00900000,0.00900800,3637.57200000,1635976799999,32.82565906,3504,1832.64900000,16.53873134,0
1635976800000,0.00900900,0.00903700,0.00900300,0.00902500,2643.39600000,1635978599999,23.83928387,2346,1278.64000000,11.53063856,0
1635978600000,0.00902500,0.00905000,0.00898400,0.00902600,4164.56900000,1635980399999,37.56179091,3021,2007.01200000,18.10764231,0
1635980400000,0.00902900,0.00903900,0.00896600,0.00901400,3839.49700000,1635982199999,34.57413507,3106,2088.20400000,18.80474557,0
1635982200000,0.00901400,0.00905600,0.00899800,0.00903700,5024.47500000,1635983999999,45.35492606,3152,2667.56900000,24.08176661,0
1635984000000,0.00903700,0.00904200,0.00897500,0.00898000,3082.25500000,1635985799999,27.74502805,2436,1680.88000000,15.13214057,0
1635985800000,0.00898000,0.00899000,0.00894500,0.00897500,3357.68500000,1635987599999,30.12189519,3316,1650.16000000,14.80532786,0
1635987600000,0.00897500,0.00900000,0.00896200,0.00899400,2568.43600000,1635989399999,23.08522617,3181,1471.84300000,13.22979965,0
1635989400000,0.00899300,0.00902000,0.00898200,0.00900900,4526.40100000,1635991199999,40.73458486,3253,3044.23200000,27.39301347,0
1635991200000,0.00901000,0.00903400,0.00900700,0.00901900,3951.86100000,1635992999999,35.64018643,3685,2351.72900000,21.21050463,0
1635993000000,0.00901900,0.00902400,0.00895000,0.00895700,3649.32300000,1635994799999,32.79883293,3875,1533.64700000,13.78325196,0
1635994800000,0.00895700,0.00896100,0.00891500,0.00892800,3995.34500000,1635996599999,35.70597632,3899,1886.54300000,16.85859955,0
1635996600000,0.00892800,0.00895000,0.00892100,0.00894400,1639.83200000,1635998399999,14.64353165,2613,790.83400000,7.06357222,0
1635998400000,0.00894500,0.00895900,0.00891800,0.00892400,2479.20000000,1636000199999,22.15825159,2975,1303.22700000,11.65152176,0
1636000200000,0.00892200,0.00893200,0.00891500,0.00892700,4285.23400000,1636001999999,38.23357665,2654,1574.23200000,14.04868723,0
1636002000000,0.00892700,0.00896200,0.00891600,0.00895900,2963.35600000,1636003799999,26.48481017,3173,1561.78200000,13.95909427,0
1636003800000,0.00896000,0.00897100,0.00892100,0.00892400,2971.92600000,1636005599999,26.58011296,3287,1226.74000000,10.97604491,0
1636005600000,0.00892500,0.00894500,0.00891800,0.00893000,2520.28800000,1636007399999,22.49924008,2827,1278.07400000,11.41024976,0
1636007400000,0.00892900,0.00897900,0.00892800,0.00897000,2920.88500000,1636009199999,26.15547381,3056,1395.96700000,12.49985033,0
1636009200000,0.00896900,0.00899200,0.00896400,0.00896900,5016.98700000,1636010999999,45.06116604,2834,1829.04000000,16.42502126,0
1636011000000,0.00897000,0.00897000,0.00893700,0.00894200,5931.11900000,1636012799999,53.08444351,3492,2171.82900000,19.43929355,0
1636012800000,0.00894200,0.00897000,0.00890800,0.00896300,10490.10800000,1636014599999,93.70712800,6414,6259.01100000,55.92642096,0
1636014600000,0.00896400,0.00897200,0.00893500,0.00896200,3820.44900000,1636016399999,34.21182175,3513,2115.56300000,18.94520037,0
1636016400000,0.00896200,0.00899700,0.00895100,0.00899500,6654.57700000,1636018199999,59.80928688,3605,2601.88800000,23.38423371,0
1636018200000,0.00899400,0.00899400,0.00897300,0.00898500,3431.86200000,1636019999999,30.83055680,2436,2067.14900000,18.57191144,0
1636020000000,0.00898300,0.00899200,0.00897200,0.00897900,2748.43500000,1636021799999,24.68718421,2262,1192.59800000,10.71354717,0
1636021800000,0.00897800,0.00899700,0.00896400,0.00898800,2456.18000000,1636023599999,22.06644049,2447,1273.76800000,11.44403681,0
1636023600000,0.00898800,0.00903000,0.00898300,0.00901500,6251.08600000,1636025399999,56.32316917,4751,2986.26100000,26.90546823,0
1636025400000,0.00901500,0.00906400,0.00900800,0.00906400,3763.45800000,1636027199999,34.00025880,3499,2160.43600000,19.52113212,0
1636027200000,0.00906400,0.00908900,0.00904900,0.00906900,7751.21500000,1636028999999,70.31511332,3919,2740.30800000,24.84529177,0
1636029000000,0.00906800,0.00907100,0.00901900,0.00902400,6024.73900000,1636030799999,54.44774992,3185,3749.80700000,33.88382090,0
1636030800000,0.00902400,0.00904400,0.00900600,0.00902400,3834.78000000,1636032599999,34.62996959,2768,1618.48300000,14.61852123,0
1636032600000,0.00902200,0.00903900,0.00898800,0.00899200,6235.49600000,1636034399999,56.17422756,3286,2572.65300000,23.18154781,0
1636034400000,0.00899400,0.00899400,0.00895800,0.00897700,3757.76100000,1636036199999,33.73405023,3161,1610.40400000,14.45930093,0
1636036200000,0.00897800,0.00899700,0.00897000,0.00897600,3261.55600000,1636037999999,29.29468651,2482,1582.72500000,14.21589579,0
1636038000000,0.00897600,0.00898000,0.00894300,0.00897300,5968.19700000,1636039799999,53.50438138,4056,2861.79300000,25.66082582,0
1636039800000,0.00897300,0.00899300,0.00895700,0.00896100,3981.86900000,1636041599999,35.72083442,2962,1874.05700000,16.81372049,0
1636041600000,0.00896000,0.00897400,0.00893000,0.00895100,3922.72200000,1636043399999,35.11162889,3155,1991.84700000,17.83028250,0
1636043400000,0.00894900,0.00897000,0.00894000,0.00896700,3763.78000000,1636045199999,33.70725704,2454,1989.20300000,17.81230445,0
1636045200000,0.00896600,0.00899800,0.00896000,0.00898600,2862.56100000,1636046999999,25.72114890,2445,1342.37400000,12.06002676,0
1636047000000,0.00898700,0.00899900,0.00898100,0.00898700,3269.55300000,1636048799999,29.39351157,2410,1339.15500000,12.04012302,0
1636048800000,0.00898600,0.00899400,0.00897100,0.00898300,3849.95700000,1636050599999,34.58337151,2941,1944.76800000,17.47010642,0
1636050600000,0.00898200,0.00901700,0.00898000,0.00901400,3912.91300000,1636052399999,35.24263978,2875,1813.99000000,16.33974130,0
1636052400000,0.00901400,0.00904100,0.00900900,0.00904100,3029.55200000,1636054199999,27.34119407,2674,1744.98300000,15.74802680,0
1636054200000,0.00904100,0.00904100,0.00901500,0.00902700,2376.55600000,1636055999999,21.45149879,2192,1215.42200000,10.97071901,0
1636056000000,0.00902700,0.00904400,0.00901200,0.00903600,2318.11300000,1636057799999,20.92893603,2369,1141.16200000,10.30367641,0
1636057800000,0.00903400,0.00907300,0.00902800,0.00906100,4708.79100000,1636059599999,42.66700931,2989,1911.68300000,17.31750285,0
1636059600000,0.00906200,0.00908800,0.00906100,0.00907100,2456.65900000,1636061399999,22.29100616,2483,1166.58600000,10.58460276,0
1636061400000,0.00907100,0.00909100,0.00903000,0.00908400,2739.48500000,1636063199999,24.84591042,2978,1544.37200000,14.00868708,0
1636063200000,0.00908300,0.00910900,0.00908200,0.00910300,3368.14800000,1636064999999,30.64473612,3195,2196.18200000,19.98302196,0
1636065000000,0.00910100,0.00912300,0.00909100,0.00912200,2836.89300000,1636066799999,25.84201307,2460,1905.23500000,17.35671608,0
1636066800000,0.00912200,0.00912400,0.00908100,0.00910000,3587.50300000,1636068599999,32.66875738,2563,2083.46500000,18.97676844,0
1636068600000,0.00910100,0.00912100,0.00909300,0.00910300,3159.37800000,1636070399999,28.77047114,2295,1499.42600000,13.65504008,0
1636070400000,0.00910100,0.00912100,0.00909900,0.00910600,3438.43000000,1636072199999,31.32564330,2480,1737.83900000,15.83451678,0
1636072200000,0.00910500,0.00912800,0.00910300,0.00911200,4540.02100000,1636073999999,41.38041880,3026,1901.57300000,17.33545559,0
1636074000000,0.00911200,0.00912100,0.00908400,0.00911500,1941.60000000,1636075799999,17.68214502,2306,955.30100000,8.69980744,0
1636075800000,0.00911700,0.00912800,0.00908500,0.00909200,3084.79200000,1636077599999,28.09536277,2418,1515.34900000,13.80330789,0
1636077600000,0.00909300,0.00913800,0.00908800,0.00913300,5993.94000000,1636079399999,54.63845821,3596,3414.71800000,31.13428330,0
1636079400000,0.00913100,0.00918600,0.00913100,0.00918400,6271.66400000,1636081199999,57.44562932,7584,3263.05200000,29.88913757,0
1636081200000,0.00918500,0.00921000,0.00914100,0.00918800,5882.56700000,1636082999999,54.02282830,5245,3056.13300000,28.06177203,0
1636083000000,0.00918800,0.00933100,0.00917900,0.00933100,13536.51100000,1636084799999,125.59862042,14976,9197.76800000,85.35631898,0
1636084800000,0.00932700,0.00946000,0.00932200,0.00943300,32431.03100000,1636086599999,305.16138464,13629,10874.22500000,102.22211979,0
1636086600000,0.00943200,0.00946700,0.00939700,0.00945000,9988.92800000,1636088399999,94.10983356,5519,3497.23700000,32.96813616,0
1636088400000,0.00945000,0.00948500,0.00940000,0.00948500,7865.78700000,1636090199999,74.19521458,6302,3849.90800000,36.33727156,0
1636090200000,0.00948600,0.00951400,0.00943500,0.00945100,7401.62400000,1636091999999,70.07143031,5686,4034.06900000,38.18602232,0
1636092000000,0.00945000,0.00949800,0.00941100,0.00942500,4315.60800000,1636093799999,40.77653515,4580,2218.40000000,20.95865787,0
1636093800000,0.00942500,0.00950000,0.00942300,0.00945800,5237.78500000,1636095599999,49.60966818,3831,2398.57000000,22.70928598,0
1636095600000,0.00945800,0.00947700,0.00944700,0.00946900,3170.25800000,1636097399999,29.99346990,2408,1496.67800000,14.16010586,0
1636097400000,0.00946900,0.00957300,0.00944800,0.00957300,6114.62200000,1636099199999,58.18373106,5654,3381.91100000,32.17843472,0
1636099200000,0.00957100,0.00958700,0.00951600,0.00953700,4600.75800000,1636100999999,43.90334538,3989,2319.86700000,22.13768846,0
1636101000000,0.00953700,0.00957100,0.00950700,0.00951800,6037.12500000,1636102799999,57.60457673,3422,3034.94000000,28.96305898,0
1636102800000,0.00951900,0.00953400,0.00950700,0.00952600,3039.54100000,1636104599999,28.94576559,2335,1600.46300000,15.24225663,0
1636104600000,0.00952600,0.00967000,0.00950000,0.00966600,8358.03300000,1636106399999,79.99997177,7357,4530.21700000,43.38988040,0
1636106400000,0.00966600,0.00995900,0.00966100,0.00980100,38985.45700000,1636108199999,382.65171737,25101,19421.37900000,190.66162386,0
1636108200000,0.00980100,0.00984000,0.00974100,0.00976600,13373.83800000,1636109999999,131.03963952,6254,5082.57700000,49.77788894,0
1636110000000,0.00976500,0.00988900,0.00976300,0.00987600,5892.55900000,1636111799999,57.95394119,4973,2921.15800000,28.73575067,0
1636111800000,0.00987700,0.00995300,0.00985400,0.00992900,12357.02800000,1636113599999,122.41385409,7057,7328.64700000,72.60205293,0
1636113600000,0.00992900,0.00996000,0.00983500,0.00983700,9567.05300000,1636115399999,94.64654792,5240,5539.37900000,54.78534485,0
1636115400000,0.00983600,0.00988400,0.00982800,0.00986100,8562.37200000,1636117199999,84.45844848,3866,4786.95800000,47.22838640,0
1636117200000,0.00986100,0.00990000,0.00983600,0.00984600,6566.42100000,1636118999999,64.86563761,3978,3247.87900000,32.08736848,0
1636119000000,0.00984700,0.00987900,0.00982700,0.00986300,7831.94500000,1636120799999,77.21936142,3864,3402.48800000,33.54119319,0
1636120800000,0.00986100,0.00988500,0.00985000,0.00987400,3975.65100000,1636122599999,39.20548252,2750,1921.63800000,18.95229343,0
1636122600000,0.00987300,0.00988700,0.00979800,0.00982000,6282.06400000,1636124399999,61.81407337,4106,2934.31900000,28.87139175,0
1636124400000,0.00982000,0.00985500,0.00978200,0.00984600,8131.43400000,1636126199999,79.85718652,5410,3757.61400000,36.91061836,0
1636126200000,0.00984600,0.00988200,0.00982800,0.00987800,9291.99900000,1636127999999,91.57808685,4310,3549.15600000,34.97518409,0
1636128000000,0.00987900,0.00998900,0.00987700,0.00998000,7227.44600000,1636129799999,71.85304366,5992,3983.57600000,39.61466971,0
1636129800000,0.00997900,0.01010000,0.00997300,0.01006200,14839.80900000,1636131599999,148.74291578,8832,11034.83900000,110.57526942,0
1636131600000,0.01006100,0.01006600,0.00999400,0.01000500,8795.64900000,1636133399999,88.17213630,4158,4713.39100000,47.23871180,0
1636133400000,0.01000700,0.01002100,0.00998800,0.01000500,5011.62800000,1636135199999,50.14964192,3261,2333.14600000,23.35072158,0
1636135200000,0.01000200,0.01001800,0.00998500,0.00999300,4924.26200000,1636136999999,49.24967889,3451,2175.55400000,21.76179849,0
1636137000000,0.00999300,0.01002100,0.00997800,0.00999600,3728.08900000,1636138799999,37.27753496,2939,1910.57100000,19.10391432,0
1636138800000,0.00999500,0.01000000,0.00995000,0.00995500,7033.93200000,1636140599999,70.14936887,3782,3741.95600000,37.31717785,0
1636140600000,0.00995600,0.00997200,0.00991400,0.00993800,4509.09600000,1636142399999,44.80358404,3355,2395.82700000,23.80836446,0
1636142400000,0.00993700,0.00994500,0.00989000,0.00990000,10267.86200000,1636144199999,101.80905310,4075,6758.30800000,67.00169946,0
1636144200000,0.00989900,0.00992400,0.00988400,0.00991200,5614.23800000,1636145999999,55.59442546,3446,2949.32600000,29.20204153,0
1636146000000,0.00991000,0.00997100,0.00990500,0.00995800,3986.73200000,1636147799999,39.66530620,3277,1521.54500000,15.13345684,0
1636147800000,0.00995900,0.00996700,0.00991400,0.00992600,2985.30200000,1636149599999,29.69687113,2766,1275.84900000,12.69526395,0
1636149600000,0.00992600,0.00993300,0.00988900,0.00993100,4360.83500000,1636151399999,43.19726978,3161,2291.42900000,22.69891953,0
1636151400000,0.00993100,0.00994300,0.00992000,0.00993100,2549.05400000,1636153199999,25.31712808,2672,1344.70100000,13.35627447,0
1636153200000,0.00993100,0.00993200,0.00989600,0.00991800,3393.21500000,1636154999999,33.62571144,3139,1714.76900000,16.99323582,0
1636155000000,0.00991800,0.00997100,0.00990800,0.00996400,3100.43500000,1636156799999,30.82812871,3038,1665.83800000,16.56398666,0
1636156800000,0.00996400,0.00997700,0.00990200,0.00994300,5089.22700000,1636158599999,50.55579177,4081,2677.07700000,26.59034718,0
1636158600000,0.00994500,0.01004700,0.00991900,0.01004400,6927.78200000,1636160399999,69.19110557,5537,3892.46600000,38.87116486,0
1636160400000,0.01004300,0.01005700,0.00994700,0.00998800,6681.03800000,1636162199999,66.79490823,4999,3981.06700000,39.80092739,0
1636162200000,0.00998900,0.01000700,0.00996900,0.00997400,3272.38800000,1636163999999,32.67981942,2365,1575.97800000,15.73864241,0
1636164000000,0.00997400,0.00997600,0.00990800,0.00992000,4468.54500000,1636165799999,44.41094590,3428,2190.88000000,21.77759464,0
1636165800000,0.00991900,0.00992200,0.00987800,0.00989000,6510.97200000,1636167599999,64.44627078,3345,4314.56000000,42.70699063,0
1636167600000,0.00988500,0.00998600,0.00987800,0.00996500,4866.81900000,1636169399999,48.27721878,3229,3654.22700000,36.25418559,0
1636169400000,0.00996400,0.00996900,0.00994400,0.00995600,3291.10100000,1636171199999,32.77182849,2188,1358.18400000,13.52356559,0
1636171200000,0.00995500,0.00996500,0.00992200,0.00993000,2754.36000000,1636172999999,27.39437582,2088,1454.02600000,14.46359515,0
1636173000000,0.00993000,0.00996700,0.00992200,0.00996000,2204.41600000,1636174799999,21.92178650,1813,968.07700000,9.62649791,0
1636174800000,0.00995900,0.00996800,0.00992200,0.00992500,1813.38100000,1636176599999,18.03468288,1721,894.12400000,8.89229530,0
1636176600000,0.00992400,0.01010400,0.00991500,0.01006400,8085.27600000,1636178399999,81.05546331,6194,4516.96800000,45.30453859,0
1636178400000,0.01006400,0.01007000,0.01001900,0.01005700,10383.34400000,1636180199999,104.30187456,4953,6090.38900000,61.17382196,0
1636180200000,0.01005700,0.01016200,0.01005100,0.01014100,11039.24500000,1636181999999,111.72113966,7291,4559.53600000,46.13078937,0
1636182000000,0.01014100,0.01018700,0.01013400,0.01015500,4498.90200000,1636183799999,45.70279400,4756,2474.86800000,25.14389299,0
1636183800000,0.01015500,0.01016700,0.01010000,0.01016700,5351.41400000,1636185599999,54.22184353,3712,2754.21100000,27.89845103,0
1636185600000,0.01016700,0.01018100,0.01007000,0.01010200,7394.19900000,1636187399999,74.92615876,4424,3201.78600000,32.43851557,0
1636187400000,0.01010700,0.01012800,0.01008700,0.01012500,4576.86700000,1636189199999,46.24233744,2607,2271.68100000,22.95614460,0
1636189200000,0.01012300,0.01015200,0.01009900,0.01013800,5718.84300000,1636190999999,57.92752036,3126,2498.26800000,25.30367885,0
1636191000000,0.01013800,0.01014800,0.01011300,0.01012100,4717.45500000,1636192799999,47.78878019,2386,2122.44500000,21.49339843,0
1636192800000,0.01012200,0.01014000,0.01010900,0.01011100,2873.40600000,1636194599999,29.09900627,2162,1354.48800000,13.71809353,0
1636194600000,0.01011400,0.01011400,0.01004100,0.01007200,6824.94200000,1636196399999,68.73822398,4157,4010.54000000,40.39982168,0
1636196400000,0.01007500,0.01010800,0.00998600,0.01003000,7718.91200000,1636198199999,77.57482178,6458,3442.13200000,34.60623387,0
1636198200000,0.01003100,0.01005500,0.00999200,0.01001100,4197.33600000,1636199999999,42.05427172,3033,1913.93600000,19.17447211,0
1636200000000,0.01001100,0.01001400,0.00989900,0.00997000,8373.03600000,1636201799999,83.32035319,6277,4917.28600000,48.91977039,0
1636201800000,0.00997000,0.00998800,0.00992100,0.00993900,3417.29500000,1636203599999,34.00862083,2718,1898.88500000,18.89632149,0
1636203600000,0.00993900,0.01000300,0.00992900,0.00999900,4061.57600000,1636205399999,40.50001970,3389,2160.08300000,21.53432130,0
1636205400000,0.00999900,0.01001200,0.00997500,0.01001200,3006.57900000,1636207199999,30.03982648,2760,1777.98800000,17.76361135,0
1636207200000,0.01001000,0.01001400,0.00997400,0.01001400,3443.30900000,1636208999999,34.40706840,2661,1638.98200000,16.37494253,0
1636209000000,0.01001400,0.01010000,0.00999500,0.01005300,5418.16800000,1636210799999,54.40324063,4181,2824.93600000,28.35506726,0
1636210800000,0.01005300,0.01011400,0.01003200,0.01008600,5332.47000000,1636212599999,53.74030169,4770,2657.56700000,26.78108563,0
1636212600000,0.01008700,0.01010400,0.01004600,0.01007200,3751.21700000,1636214399999,37.78801049,3756,1906.98000000,19.21312278,0
1636214400000,0.01007300,0.01010700,0.01006900,0.01008300,3622.14300000,1636216199999,36.53728652,3118,1812.97900000,18.29032730,0
1636216200000,0.01008500,0.01011700,0.01006600,0.01011700,3556.51600000,1636217999999,35.89292312,2931,1245.36200000,12.57246820,0
1636218000000,0.01011700,0.01014700,0.01010300,0.01013000,4885.66000000,1636219799999,49.49559071,3673,1893.70500000,19.17957112,0
1636219800000,0.01013000,0.01016700,0.01012700,0.01016600,5549.17500000,1636221599999,56.34669181,3303,2695.65800000,27.36356380,0
1636221600000,0.01016700,0.01018400,0.01015400,0.01017800,3677.06000000,1636223399999,37.40281055,3155,1764.03800000,17.94458844,0
1636223400000,0.01017800,0.01020000,0.01014900,0.01019600,3595.84000000,1636225199999,36.59827208,3622,1784.48300000,18.16239626,0
1636225200000,0.01019600,0.01022100,0.01018400,0.01021300,4545.55500000,1636226999999,46.37527110,3523,2444.13300000,24.93731518,0
1636227000000,0.01021300,0.01026000,0.01019600,0.01020700,5870.29400000,1636228799999,60.04024727,5507,3094.96800000,31.65367034,0
1636228800000,0.01020900,0.01026100,0.01019400,0.01022900,5335.72800000,1636230599999,54.55893512,4491,2039.56700000,20.85898294,0
1636230600000,0.01023000,0.01024300,0.01019800,0.01020100,2980.75600000,1636232399999,30.47268237,3025,1337.02000000,13.67098176,0
1636232400000,0.01020100,0.01025200,0.01020100,0.01023600,2948.58100000,1636234199999,30.17679010,2694,1467.30500000,15.01431645,0
1636234200000,0.01023600,0.01025400,0.01020800,0.01022200,2858.97400000,1636235999999,29.26314105,3093,1454.71600000,14.89118049,0
1636236000000,0.01022100,0.01025600,0.01021900,0.01025200,1868.31100000,1636237799999,19.12187427,2446,849.18700000,8.69200000,0
1636237800000,0.01025300,0.01026600,0.01024900,0.01026200,1827.97500000,1636239599999,18.75374853,2560,827.34200000,8.48892498,0
1636239600000,0.01026200,0.01033700,0.01025500,0.01033600,5321.22800000,1636241399999,54.76808860,5201,3249.47300000,33.45192495,0
1636241400000,0.01033500,0.01037400,0.01030200,0.01037300,5015.97600000,1636243199999,51.84120858,4586,2672.54800000,27.62443994,0
1636243200000,0.01037300,0.01037500,0.01028400,0.01028700,4584.96500000,1636244999999,47.32915483,4172,2068.96900000,21.35359331,0
1636245000000,0.01028700,0.01032100,0.01025300,0.01025800,3395.82700000,1636246799999,34.95875451,3436,1723.67700000,17.74687092,0
1636246800000,0.01025800,0.01033200,0.01020600,0.01029500,10357.39900000,1636248599999,106.25638807,6261,6196.18500000,63.53299641,0
1636248600000,0.01029500,0.01040000,0.01028800,0.01039800,4644.65700000,1636250399999,48.01925213,4619,2644.45900000,27.33751454,0
1636250400000,0.01040000,0.01049700,0.01037200,0.01039800,9349.85400000,1636252199999,97.50072953,9782,5103.12200000,53.20797557,0
1636252200000,0.01039800,0.01045000,0.01037800,0.01044500,6779.53200000,1636253999999,70.58773371,4740,3695.61200000,38.46682594,0
1636254000000,0.01044500,0.01045000,0.01038400,0.01043200,6349.90300000,1636255799999,66.11733100,3505,3055.44000000,31.81100567,0
1636255800000,0.01043300,0.01047900,0.01037500,0.01040200,4575.99000000,1636257599999,47.64803430,3025,2658.52400000,27.68866175,0
1636257600000,0.01040200,0.01043700,0.01038000,0.01043000,3011.21400000,1636259399999,31.35908136,2400,1336.06900000,13.91016513,0
1636259400000,0.01043000,0.01058600,0.01042900,0.01057800,11599.54100000,1636261199999,121.94418551,13017,6688.27400000,70.27322780,0
1636261200000,0.01057500,0.01062200,0.01055100,0.01057300,6845.05700000,1636262999999,72.44076977,6423,3704.63700000,39.20892836,0
1636263000000,0.01057200,0.01064400,0.01054500,0.01064400,5659.33200000,1636264799999,59.96559279,4890,2981.92900000,31.60710554,0
1636264800000,0.01064300,0.01075100,0.01064000,0.01073500,8106.78900000,1636266599999,86.76303826,9522,4663.56000000,49.89857346,0
1636266600000,0.01073400,0.01077700,0.01067500,0.01069100,9980.88500000,1636268399999,107.11371939,6606,5704.51800000,61.20435643,0
1636268400000,0.01069200,0.01072000,0.01058800,0.01070700,7580.89800000,1636270199999,80.80777685,5218,3666.12500000,39.10924402,0
1636270200000,0.01070500,0.01073900,0.01064300,0.01066600,4170.04800000,1636271999999,44.55640816,3374,1733.35000000,18.52422058,0
1636272000000,0.01066400,0.01078000,0.01066200,0.01075500,6290.21300000,1636273799999,67.47341497,4307,3840.04200000,41.20139021,0
1636273800000,0.01075200,0.01082500,0.01074700,0.01080600,9102.04900000,1636275599999,98.26676820,6032,4203.04400000,45.37489849,0
1636275600000,0.01080600,0.01081300,0.01075300,0.01079100,4939.31200000,1636277399999,53.24930905,3281,2423.60800000,26.12989779,0
1636277400000,0.01079100,0.01083400,0.01074600,0.01076900,7277.25600000,1636279199999,78.49011540,3890,4047.88200000,43.66770243,0
1636279200000,0.01076900,0.01079400,0.01062300,0.01070600,10864.23800000,1636280999999,116.27458884,6484,5007.68300000,53.63629568,0
1636281000000,0.01070900,0.01074800,0.01070400,0.01072100,4385.52900000,1636282799999,47.04010800,3182,2226.62100000,23.88404712,0
1636282800000,0.01072100,0.01073000,0.01069000,0.01071800,6024.15900000,1636284599999,64.53659511,3278,3665.23500000,39.27594030,0
1636284600000,0.01071900,0.01073000,0.01069200,0.01070700,4194.49900000,1636286399999,44.93166286,2850,2404.15300000,25.75598765,0
1636286400000,0.01070700,0.01071400,0.01063300,0.01065400,6067.61900000,1636288199999,64.72683056,3951,2783.06300000,29.68861872,0
1636288200000,0.01065100,0.01065600,0.01058700,0.01059900,4505.04600000,1636289999999,47.83721637,3870,2254.93700000,23.94544915,0
1636290000000,0.01059900,0.01068300,0.01059400,0.01067100,5657.03000000,1636291799999,60.23509298,4158,2937.51900000,31.27554459,0
1636291800000,0.01067200,0.01071800,0.01064800,0.01071300,3942.96300000,1636293599999,42.10391808,3125,2164.20900000,23.10925889,0
1636293600000,0.01071300,0.01077000,0.01069900,0.01076800,4969.38900000,1636295399999,53.37849749,4294,2427.53100000,26.07193074,0
1636295400000,0.01076900,0.01078300,0.01068500,0.01070600,7645.80400000,1636297199999,82.18876243,5017,2407.97100000,25.86153727,0
1636297200000,0.01070500,0.01073600,0.01065600,0.01068000,4133.79200000,1636298999999,44.19751623,3565,1882.75000000,20.12578665,0
1636299000000,0.01067900,0.01070900,0.01064600,0.01066000,3257.51500000,1636300799999,34.77387122,3555,1535.27900000,16.38805158,0
1636300800000,0.01065900,0.01066300,0.01061700,0.01065100,7965.22100000,1636302599999,84.74621109,4505,5507.94400000,58.59770583,0
1636302600000,0.01065100,0.01066200,0.01062700,0.01065600,2952.43600000,1636304399999,31.43567509,3111,1502.28000000,15.99486663,0
1636304400000,0.01065700,0.01066300,0.01063700,0.01064800,2662.83500000,1636306199999,28.36809918,3375,1339.46300000,14.27102729,0
1636306200000,0.01064700,0.01064800,0.01046100,0.01048400,8247.65400000,1636307999999,86.99957415,6695,3513.91500000,37.08864633,0
1636308000000,0.01048400,0.01051200,0.01045400,0.01047800,4854.73400000,1636309799999,50.89805845,4107,2805.52700000,29.42027230,0
1636309800000,0.01047700,0.01051200,0.01047200,0.01048500,3114.25200000,1636311599999,32.67737067,2776,1479.62800000,15.52746858,0
1636311600000,0.01048300,0.01048500,0.01041900,0.01046000,4878.23200000,1636313399999,50.97478352,3600,2529.81600000,26.44024948,0
1636313400000,0.01045900,0.01053900,0.01045700,0.01053100,3161.90000000,1636315199999,33.21753567,2912,1884.88600000,19.79991456,0
1636315200000,0.01053100,0.01053100,0.01046800,0.01049600,4775.31800000,1636316999999,50.14197418,2924,2902.89200000,30.48754556,0
1636317000000,0.01049600,0.01050100,0.01045400,0.01048200,2766.74100000,1636318799999,28.99420423,2564,1306.69200000,13.69579848,0
1636318800000,0.01048100,0.01048100,0.01040400,0.01042800,4089.83200000,1636320599999,42.67673892,3153,2119.52700000,22.11481665,0
1636320600000,0.01043000,0.01043300,0.01039200,0.01039300,3827.28400000,1636322399999,39.85588839,2903,2093.93700000,21.80863790,0
1636322400000,0.01039500,0.01042200,0.01037300,0.01037800,4284.97900000,1636324199999,44.53805797,3341,2522.68500000,26.22183527,0
1636324200000,0.01037800,0.01037900,0.01024100,0.01027900,7519.93000000,1636325999999,77.51892015,6608,4981.56300000,51.36178491,0
1636326000000,0.01027400,0.01032500,0.01026500,0.01030200,6205.66700000,1636327799999,63.94827824,3217,2326.74900000,23.97131289,0
1636327800000,0.01030200,0.01030300,0.01024900,0.01026500,3241.03600000,1636329599999,33.31294579,2414,1950.25000000,20.04692782,0
1636329600000,0.01026500,0.01026800,0.00988400,0.00993600,19145.59800000,1636331399999,192.39608956,15354,9423.54400000,94.65120019,0
1636331400000,0.00993700,0.00994000,0.00977900,0.00979900,16308.63800000,1636333199999,160.30159575,11768,8705.32800000,85.53779324,0
1636333200000,0.00979900,0.00987600,0.00970800,0.00982500,10747.33900000,1636334999999,105.30975926,9742,5990.23700000,58.71735478,0
1636335000000,0.00982400,0.00986900,0.00981000,0.00986000,5687.53100000,1636336799999,55.93042148,4687,3387.25300000,33.30782887,0
1636336800000,0.00986000,0.00986900,0.00978700,0.00979200,5376.85700000,1636338599999,52.82145667,4330,3326.61100000,32.67532167,0
1636338600000,0.00979000,0.00980700,0.00973000,0.00974500,8102.75200000,1636340399999,79.23086013,4937,4968.89600000,48.60709508,0
1636340400000,0.00974600,0.00978200,0.00971300,0.00977800,7687.23400000,1636342199999,75.08672733,4123,5953.10500000,58.17953421,0
1636342200000,0.00977900,0.00980800,0.00976400,0.00978900,7172.02000000,1636343999999,70.18256837,3670,4310.12800000,42.17402308,0
1636344000000,0.00978800,0.00984100,0.00977500,0.00983300,4474.28100000,1636345799999,43.89860297,3138,2399.47100000,23.52331651,0
1636345800000,0.00983300,0.00983400,0.00973600,0.00975200,5856.17700000,1636347599999,57.21384114,3832,2425.20600000,23.68486466,0
1636347600000,0.00975200,0.00981100,0.00972400,0.00979900,4589.63200000,1636349399999,44.77340010,3537,2954.86200000,28.81224145,0
1636349400000,0.00979900,0.00985000,0.00977400,0.00978200,9011.58100000,1636351199999,88.43308373,3781,4700.08300000,46.06786289,0
1636351200000,0.00978000,0.00981800,0.00975500,0.00977100,4237.61500000,1636352999999,41.44099594,4085,2189.04200000,21.41414287,0
1636353000000,0.00977100,0.00982300,0.00973400,0.00978700,4855.27800000,1636354799999,47.52200415,4509,1971.47400000,19.30384751,0
1636354800000,0.00978800,0.00980400,0.00974700,0.00976800,4245.53000000,1636356599999,41.50352735,4375,1875.84800000,18.33969658,0
1636356600000,0.00976800,0.00980400,0.00972300,0.00972600,6130.89600000,1636358399999,59.83363738,4537,3138.84700000,30.63889968,0
1636358400000,0.00972500,0.00978400,0.00970300,0.00971100,6854.05800000,1636360199999,66.80057360,4267,2348.91900000,22.88477104,0
1636360200000,0.00970900,0.00971200,0.00961200,0.00961400,7144.44700000,1636361999999,69.02834435,5709,3649.26700000,35.24867268,0
1636362000000,0.00961500,0.00963800,0.00955200,0.00962100,8517.47700000,1636363799999,81.70120221,5053,5450.11400000,52.26572086,0
1636363800000,0.00961900,0.00967200,0.00960900,0.00966900,3834.20900000,1636365599999,36.94550479,3552,2177.71500000,20.98746322,0
1636365600000,0.00967000,0.00979400,0.00966700,0.00978800,7786.46000000,1636367399999,75.89741568,5244,3196.63500000,31.13717308,0
1636367400000,0.00978800,0.00980900,0.00973000,0.00973900,7524.15600000,1636369199999,73.58835081,3940,2907.51100000,28.42410752,0
1636369200000,0.00973900,0.00979100,0.00970800,0.00977600,7372.58900000,1636370999999,71.83921131,3977,4294.00900000,41.82737767,0
1636371000000,0.00977700,0.00978000,0.00974800,0.00975400,2944.62200000,1636372799999,28.74794874,3312,1723.87300000,16.83015353,0
1636372800000,0.00975500,0.00976700,0.00972900,0.00975300,3089.71000000,1636374599999,30.11953081,2948,1669.97700000,16.27923941,0
1636374600000,0.00975100,0.00977600,0.00974300,0.00976100,3237.08700000,1636376399999,31.59337779,3077,1536.68500000,14.99864055,0
1636376400000,0.00976400,0.00981500,0.00976000,0.00980900,6035.08300000,1636378199999,59.06063530,3802,2529.69700000,24.75036336,0
1636378200000,0.00980900,0.00984800,0.00979300,0.00984100,4542.94200000,1636379999999,44.56957020,3827,2269.83500000,22.27570950,0
1636380000000,0.00984100,0.00998900,0.00982100,0.00994600,11519.85700000,1636381799999,114.30209433,7793,5480.58000000,54.36533395,0
1636381800000,0.00994800,0.00996300,0.00988500,0.00993600,6302.39800000,1636383599999,62.46272646,4154,3405.26500000,33.74296714,0
1636383600000,0.00993600,0.00999600,0.00986800,0.00986900,11273.51400000,1636385399999,111.99120050,6510,5892.26700000,58.46736313,0
1636385400000,0.00986800,0.00987900,0.00976300,0.00977500,10321.70900000,1636387199999,101.25951995,6773,6222.46200000,61.02771409,0
1636387200000,0.00977400,0.00980000,0.00975200,0.00978900,8805.69100000,1636388999999,86.08372534,5464,5746.97000000,56.18582043,0
1636389000000,0.00978900,0.00983200,0.00978600,0.00981500,4189.30700000,1636390799999,41.09369889,3695,2624.30500000,25.74214843,0
1636390800000,0.00981500,0.00986500,0.00981200,0.00983400,3654.33800000,1636392599999,35.97131413,3812,2278.43800000,22.42881661,0
1636392600000,0.00983400,0.00986000,0.00983000,0.00984800,4209.89600000,1636394399999,41.44328604,3881,2626.32100000,25.85352724,0
1636394400000,0.00984900,0.00988500,0.00982700,0.00988000,3859.84700000,1636396199999,38.05675855,2817,2292.73900000,22.61366454,0
1636396200000,0.00988000,0.00988600,0.00983800,0.00984900,11905.82300000,1636397999999,117.33320573,5030,9764.10800000,96.22314514,0
1636398000000,0.00985000,0.00985000,0.00978400,0.00979100,7822.78600000,1636399799999,76.75594630,4469,5417.97500000,53.15625368,0
1636399800000,0.00979300,0.00980000,0.00978400,0.00979900,4376.93300000,1636401599999,42.87355734,3188,2846.57400000,27.88437468,0
1636401600000,0.00980000,0.00981900,0.00976200,0.00981200,11710.92600000,1636403399999,114.72658073,5405,8053.94600000,78.90913102,0
1636403400000,0.00981200,0.00982600,0.00979100,0.00979700,3270.43400000,1636405199999,32.07564362,2945,1318.04800000,12.92812379,0
1636405200000,0.00979800,0.00980900,0.00977300,0.00980200,3103.59800000,1636406999999,30.38847373,3078,1442.94300000,14.12750281,0
1636407000000,0.00980200,0.00981400,0.00978000,0.00981400,2179.26300000,1636408799999,21.35901218,2553,1008.18000000,9.88167672,0
1636408800000,0.00981400,0.00981500,0.00976900,0.00977900,2205.39900000,1636410599999,21.59455205,2787,806.24400000,7.89629180,0
1636410600000,0.00977800,0.00980900,0.00977600,0.00980600,3464.92300000,1636412399999,33.93170630,3566,1384.69600000,13.56053527,0
1636412400000,0.00980500,0.00981600,0.00959200,0.00965600,19483.16300000,1636414199999,188.26268447,10922,13193.28100000,127.31792275,0
1636414200000,0.00965600,0.00972100,0.00962300,0.00967900,12829.08800000,1636415999999,124.14771670,5536,3633.52500000,35.16834628,0
1636416000000,0.00967900,0.00970500,0.00966900,0.00969000,8232.57100000,1636417799999,79.77020683,3908,3070.87000000,29.75996809,0
1636417800000,0.00968900,0.00970200,0.00968700,0.00969100,5127.08800000,1636419599999,49.68242720,3349,1511.35800000,14.64868716,0
1636419600000,0.00968900,0.00969500,0.00965600,0.00967700,3144.92800000,1636421399999,30.42317540,3311,1762.86700000,17.05307478,0
1636421400000,0.00967800,0.00968700,0.00963200,0.00963700,2435.35500000,1636423199999,23.54206306,2778,1008.47800000,9.75046778,0
1636423200000,0.00963700,0.00964000,0.00955300,0.00955500,4297.35700000,1636424999999,41.23564895,4661,1956.26100000,18.76804616,0
1636425000000,0.00955600,0.00962300,0.00955500,0.00961300,2847.97200000,1636426799999,27.35354822,3415,1463.02200000,14.04897087,0
1636426800000,0.00961300,0.00962600,0.00957600,0.00958200,2624.58600000,1636428599999,25.20666085,2915,1090.10000000,10.47170502,0
1636428600000,0.00958300,0.00958800,0.00946600,0.00948200,8057.89000000,1636430399999,76.68100734,6195,4121.09700000,39.22655554,0
1636430400000,0.00948300,0.00949900,0.00946100,0.00946900,4184.57400000,1636432199999,39.67250191,3798,1863.62200000,17.66708416,0
1636432200000,0.00946900,0.00947500,0.00941200,0.00946300,9642.55900000,1636433999999,91.07394681,5345,6598.38900000,62.30983172,0
1636434000000,0.00946300,0.00953700,0.00945500,0.00953100,4714.97900000,1636435799999,44.78041233,3890,2547.89500000,24.19094060,0
1636435800000,0.00953100,0.00954000,0.00950900,0.00952300,4796.16500000,1636437599999,45.68242458,2494,2744.27300000,26.13399964,0
1636437600000,0.00952400,0.00952900,0.00949800,0.00950400,3925.13500000,1636439399999,37.32889339,2497,1693.74000000,16.10787308,0
1636439400000,0.00950500,0.00952100,0.00947700,0.00950700,2709.91700000,1636441199999,25.74639599,2335,1419.58200000,13.49098943,0
1636441200000,0.00950700,0.00952200,0.00949000,0.00951300,3001.95700000,1636442999999,28.53405152,2236,1347.86000000,12.81212639,0
1636443000000,0.00951300,0.00953700,0.00950400,0.00951900,2654.02100000,1636444799999,25.25724337,2243,1434.77000000,13.65434542,0
1636444800000,0.00951600,0.00952200,0.00947500,0.00948200,5161.20100000,1636446599999,48.99446127,2967,2958.46100000,28.07868712,0
1636446600000,0.00948100,0.00952000,0.00948100,0.00951000,2770.52400000,1636448399999,26.32610287,2521,1435.06300000,13.63640697,0
1636448400000,0.00951100,0.00955800,0.00949800,0.00954800,3624.99600000,1636450199999,34.55084643,2660,1653.53100000,15.76290939,0
1636450200000,0.00954700,0.00958000,0.00951100,0.00951700,5465.50100000,1636451999999,52.11244704,4067,3219.05700000,30.70021386,0
1636452000000,0.00951500,0.00953400,0.00946400,0.00953400,5553.14600000,1636453799999,52.77259816,5017,2645.43400000,25.16505902,0
1636453800000,0.00953300,0.00954100,0.00950000,0.00952600,4889.11600000,1636455599999,46.54715369,3024,2181.03400000,20.76079400,0
1636455600000,0.00952400,0.00953700,0.00951200,0.00952600,2960.59100000,1636457399999,28.20038538,2522,1348.09900000,12.84125626,0
1636457400000,0.00952700,0.00954700,0.00950600,0.00952200,7931.49200000,1636459199999,75.53465094,5417,4661.65200000,44.38947092,0
1636459200000,0.00952200,0.00953200,0.00949300,0.00952200,6503.20400000,1636460999999,61.86606342,3464,3284.90800000,31.25475270,0
1636461000000,0.00952000,0.00952500,0.00949800,0.00950500,3907.13100000,1636462799999,37.15052149,2526,2287.15400000,21.74720963,0
1636462800000,0.00950700,0.00954700,0.00949600,0.00954600,4293.29100000,1636464599999,40.89058069,2844,1916.83600000,18.25324078,0
1636464600000,0.00954400,0.00955600,0.00952800,0.00953500,3201.95500000,1636466399999,30.56969517,2536,1226.36800000,11.70832335,0
1636466400000,0.00953300,0.00955900,0.00951500,0.00953300,4425.99400000,1636468199999,42.19837556,3247,2177.40100000,20.76073946,0
1636468200000,0.00953300,0.00958800,0.00952600,0.00955600,5755.08100000,1636469999999,55.01725570,3836,2745.32000000,26.25005032,0
1636470000000,0.00955600,0.00960800,0.00955500,0.00958400,5849.52400000,1636471799999,56.05278511,4429,3016.30000000,28.90659357,0
1636471800000,0.00958300,0.00961800,0.00957800,0.00961200,5021.11500000,1636473599999,48.20747117,3439,2588.86300000,24.85560452,0
1636473600000,0.00961200,0.00965000,0.00960200,0.00963800,4115.88300000,1636475399999,39.59553813,3683,2060.44400000,19.82312746,0
1636475400000,0.00963800,0.00964300,0.00960100,0.00960100,3286.78200000,1636477199999,31.61913105,3724,1615.15800000,15.53956152,0
1636477200000,0.00960100,0.00962100,0.00950500,0.00953000,6828.15600000,1636478999999,65.26458640,5153,3433.12400000,32.81378615,0
1636479000000,0.00953100,0.00954100,0.00952000,0.00953100,2856.42600000,1636480799999,27.22177097,3177,1433.05900000,13.65776741,0
1636480800000,0.00953200,0.00955400,0.00949100,0.00954300,3494.79500000,1636482599999,33.29646747,3914,1829.28500000,17.43008280,0
1636482600000,0.00954200,0.00958100,0.00953400,0.00955100,2531.27000000,1636484399999,24.19843066,2925,1314.93900000,12.57206812,0
1636484400000,0.00955200,0.00956700,0.00952800,0.00953000,2865.40200000,1636486199999,27.36498310,2721,1341.06500000,12.80833455,0
1636486200000,0.00953000,0.00954600,0.00950000,0.00950000,2799.05500000,1636487999999,26.66754301,2742,1236.18400000,11.77994379,0
1636488000000,0.00950100,0.00950600,0.00945000,0.00946000,4459.25600000,1636489799999,42.30106529,4400,1898.99400000,18.01652875,0
1636489800000,0.00946000,0.00947900,0.00943700,0.00944100,3406.47300000,1636491599999,32.22057517,3918,1763.55000000,16.68212098,0
1636491600000,0.00944100,0.00945000,0.00939600,0.00940000,2893.85100000,1636493399999,27.26723517,4411,1182.71300000,11.14472544,0
1636493400000,0.00940000,0.00942200,0.00932500,0.00939200,8918.34700000,1636495199999,83.65862889,6442,3458.50100000,32.47112575,0
1636495200000,0.00939200,0.00946300,0.00938000,0.00945300,4198.92700000,1636496999999,39.52314730,3641,2136.39200000,20.11989494,0
1636497000000,0.00945400,0.00946200,0.00942100,0.00945900,4629.95000000,1636498799999,43.74428629,3381,1867.15000000,17.64019968,0
1636498800000,0.00945900,0.00948200,0.00944900,0.00947400,2557.75300000,1636500599999,24.21558282,2673,1295.80500000,12.26969567,0
1636500600000,0.00947500,0.00950000,0.00946400,0.00948500,3331.98300000,1636502399999,31.58164261,3206,1721.03000000,16.31271540,0
1636502400000,0.00948500,0.00948600,0.00940600,0.00942700,3965.38000000,1636504199999,37.43088970,3880,1662.26700000,15.69205978,0
1636504200000,0.00942900,0.00943400,0.00937500,0.00939500,3714.69100000,1636505999999,34.93687066,3930,1783.12900000,16.76991380,0
1636506000000,0.00939500,0.00943400,0.00938000,0.00941400,2338.41400000,1636507799999,21.99724122,3152,1117.24000000,10.51096498,0
1636507800000,0.00941500,0.00943000,0.00940500,0.00942500,1947.93200000,1636509599999,18.33431902,2669,918.39100000,8.64501633,0
1636509600000,0.00942700,0.00948600,0.00942700,0.00948200,3108.77700000,1636511399999,29.37267818,3433,1788.54900000,16.90056555,0
1636511400000,0.00948300,0.00952200,0.00947600,0.00951000,3174.67700000,1636513199999,30.15014684,3098,1673.80000000,15.89353195,0
1636513200000,0.00951000,0.00952100,0.00948900,0.00949600,2208.09100000,1636514999999,20.98597157,2460,1297.47300000,12.33186185,0
1636515000000,0.00949700,0.00950700,0.00944500,0.00945500,3225.16100000,1636516799999,30.55560416,2959,1356.75000000,12.85716067,0
1636516800000,0.00945500,0.00945800,0.00940600,0.00944100,3142.55400000,1636518599999,29.64861922,3027,1567.18600000,14.78617640,0
1636518600000,0.00944300,0.00948700,0.00944200,0.00947700,3028.19800000,1636520399999,28.66437949,2738,1403.19000000,13.28495760,0
1636520400000,0.00947300,0.00947900,0.00943600,0.00947500,2823.55200000,1636522199999,26.70827021,2994,1490.03500000,14.09448840,0
1636522200000,0.00947500,0.00949300,0.00946700,0.00947400,2047.79800000,1636523999999,19.41550905,2096,943.38600000,8.94420178,0
1636524000000,0.00947600,0.00956000,0.00947100,0.00954600,4353.98600000,1636525799999,41.40548267,3371,2605.43300000,24.78184868,0
1636525800000,0.00954600,0.00959800,0.00954500,0.00959600,4340.00000000,1636527599999,41.52027797,3365,1802.69200000,17.24305029,0
1636527600000,0.00959800,0.00962600,0.00958000,0.00961500,6473.96800000,1636529399999,62.17597960,4316,3540.78500000,34.00528584,0
1636529400000,0.00961500,0.00972400,0.00961300,0.00969800,8528.91300000,1636531199999,82.50525047,8100,4351.31000000,42.08856243,0
1636531200000,0.00969900,0.00977200,0.00969900,0.00970900,9188.98600000,1636532999999,89.48294784,10172,4975.00300000,48.45014061,0
1636533000000,0.00971100,0.00972900,0.00966200,0.00967600,6464.80100000,1636534799999,62.66986117,3745,3010.68500000,29.18856529,0
1636534800000,0.00967600,0.00970700,0.00964500,0.00967100,4056.21500000,1636536599999,39.26904523,4050,1814.99500000,17.56830889,0
1636536600000,0.00967200,0.00971700,0.00967200,0.00970000,3747.11800000,1636538399999,36.33706944,2575,1392.33400000,13.50159875,0
1636538400000,0.00970000,0.00974000,0.00969500,0.00974000,5812.46400000,1636540199999,56.48893308,3227,1941.00000000,18.86662126,0
1636540200000,0.00974000,0.00976500,0.00972400,0.00976100,4712.88100000,1636541999999,45.93609011,3271,2407.46900000,23.46187152,0
1636542000000,0.00976000,0.00977400,0.00972800,0.00974200,4050.25200000,1636543799999,39.52402206,3340,1560.66300000,15.22719334,0
1636543800000,0.00974200,0.00984600,0.00973600,0.00984500,6597.23400000,1636545599999,64.65034607,4851,2770.37500000,27.14747320,0
1636545600000,0.00984500,0.00984900,0.00976700,0.00977300,5498.58000000,1636547399999,53.90211101,4429,2417.47600000,23.70508082,0
1636547400000,0.00977300,0.00981000,0.00973300,0.00975800,4782.53000000,1636549199999,46.75719821,4464,2229.32800000,21.80006186,0
1636549200000,0.00975700,0.00981100,0.00975600,0.00979000,5002.04700000,1636550999999,48.97031862,3660,2094.02400000,20.50238778,0
1636551000000,0.00979100,0.00982300,0.00966000,0.00966400,7970.28100000,1636552799999,77.50641910,5879,4659.32600000,45.26540971,0
